lastname,firstname,workdept
WONG,HELENA,E21
SPENSER,THOEDORE,E21
MEHTA,RAMLAL,E21
IFF,WING,E21
GOUNOT,JASON,E21
ALONZO,ROY,E21
SPRINGER,MICHELLE,E11
SMITH,PHILIP,E11
SETRIGHT,MAUDE,E11
SCHWARTZ,EILLEEN,E11
SCHNEIDER,ETHEL,E11
PARKER,JOHN,E11
HENDERSON,EILEEN,E11
GEYER,JOHN,E01
SMITH,DANIEL,D21
PULASKI,EVA,D21
PEREZ,MARIA,D21
MONTEVERDE,ROBERT,D21
MARINO,SALVATORE,D21
JOHNSON,SYBIL,D21
JEFFERSON,JAMES,D21
YOSHIMURA,MASAIOSHI,D11
YAMAMOTO,KIYOSHI,D11
WALKER,JAMES,D11
STERN,IRVING,D11
SCOUTTFN,MARTIYN,D11
PINKA,ELEZABETH,D11
LUTZ,JENNIFFR,D11
JONES,WILLIAM,D11
JOHN,REBA,D11
BROWN,DAVID,D11
ADAMSON,BRUCE,D11
QUINANA,DELORES,C01
NiCHOLLS,HEATHER,C01
NATZ,KIM,C01
KWAN,SALLY,C01
THOMPSON,MICHAEL,B01
ORLANDO,GREG,A00
OCONNELL,SEAN,A00
LUCCHESST,VINCENZO,A00
HEMMINGER,DIAN,A00
HAAS,CHRISTINE,A00
