empno,lastname,salary,workdept
000010,HAAS,152750.00,A00
200010,HEMMINGER,46500.00,A00
000030,KWAN,98250.00,C01
000110,LUCCHESST,66500.00,A00
200140,NATZ,68420.00,C01
000140,NiCHOLLS,68420.00,C01
000120,OCONNELL,49250.00,A00
200120,ORLANDO,39250.00,A00
000130,QUINANA,73800.00,C01
000020,THOMPSON,94250.00,B01
